{"modelId":"111","name":"子流程1","key":"ZLC","description":"子流程","lastUpdated":"2017-06-23T09:27:23.000+0000","lastUpdatedBy":"admin","model":{"modelId":"4719f797-54b4-11e7-9257-f48e388e810d","bounds":{"lowerRight":{"x":1200,"y":1050},"upperLeft":{"x":0,"y":0}},"properties":{"process_id":"cca","name":"xzcxz","documentation":"xczc","process_author":"","process_version":"","process_namespace":"http://www.flowable.org/processdef","executionlisteners":"","eventlisteners":"","signaldefinitions":"","messagedefinitions":"","process_potentialstarteruser":"","process_potentialstartergroup":""},"childShapes":[{"resourceId":"sid-8A0492D6-EB34-4669-BE6E-EA652F9D0D0C","properties":{"overrideid":"","name":"","documentation":"","executionlisteners":"","initiator":"","formkeydefinition":"","formreference":"","formproperties":""},"stencil":{"id":"StartNoneEvent"},"childShapes":[],"outgoing":[{"resourceId":"sid-922E789D-39F0-47FB-B266-15EDB76E5ABA"}],"bounds":{"lowerRight":{"x":244,"y":189},"upperLeft":{"x":214,"y":159}},"dockers":[]},{"resourceId":"sid-4B640EC5-EE8C-408E-8DD6-834F4C5C2BC6","properties":{"overrideid":"","name":"环节","documentation":"","asynchronousdefinition":"false","exclusivedefinition":"false","executionlisteners":"","multiinstance_type":"None","multiinstance_cardinality":"","multiinstance_collection":"","multiinstance_variable":"","multiinstance_condition":"","isforcompensation":"false","usertaskassignment":"","formkeydefinition":"","formreference":"","duedatedefinition":"","prioritydefinition":"","formproperties":"","tasklisteners":""},"stencil":{"id":"UserTask"},"childShapes":[],"outgoing":[{"resourceId":"sid-DC2AC07B-70E1-4E1B-874B-21F3B1AC2869"}],"bounds":{"lowerRight":{"x":370,"y":170},"upperLeft":{"x":270,"y":90}},"dockers":[]},{"resourceId":"sid-922E789D-39F0-47FB-B266-15EDB76E5ABA","properties":{"overrideid":"","name":"","documentation":"","conditionsequenceflow":"","executionlisteners":"","defaultflow":"false"},"stencil":{"id":"SequenceFlow"},"childShapes":[],"outgoing":[{"resourceId":"sid-4B640EC5-EE8C-408E-8DD6-834F4C5C2BC6"}],"bounds":{"lowerRight":{"x":269.234375,"y":158.5625},"upperLeft":{"x":229,"y":130}},"dockers":[{"x":15,"y":15},{"x":229,"y":130},{"x":50,"y":40}],"target":{"resourceId":"sid-4B640EC5-EE8C-408E-8DD6-834F4C5C2BC6"}},{"resourceId":"sid-C94A1243-FF4C-4FB1-9DA2-BD9AEC83B1F6","properties":{"overrideid":"","name":"","documentation":"","asynchronousdefinition":"false","exclusivedefinition":"false","executionlisteners":"","multiinstance_type":"None","multiinstance_cardinality":"","multiinstance_collection":"","multiinstance_variable":"","multiinstance_condition":"","istransaction":"false"},"stencil":{"id":"CollapsedSubProcess"},"childShapes":[{"resourceId":"sid-E0910234-8AEB-4F86-94DB-29D845563725","properties":{"overrideid":"","name":"","documentation":"","executionlisteners":"","initiator":"","formkeydefinition":"","formreference":"","formproperties":""},"stencil":{"id":"StartNoneEvent"},"childShapes":[],"outgoing":[{"resourceId":"sid-DB85C624-B641-4C3E-9F31-85FC7F17E254"}],"bounds":{"lowerRight":{"x":327,"y":203},"upperLeft":{"x":297,"y":173}},"dockers":[]},{"resourceId":"sid-5FC685F4-6042-44F0-A501-E3B35EE1D3A2","properties":{"overrideid":"","name":"","documentation":"","asynchronousdefinition":"false","exclusivedefinition":"false","executionlisteners":"","multiinstance_type":"None","multiinstance_cardinality":"","multiinstance_collection":"","multiinstance_variable":"","multiinstance_condition":"","isforcompensation":"false","usertaskassignment":"","formkeydefinition":"","formreference":"","duedatedefinition":"","prioritydefinition":"","formproperties":"","tasklisteners":""},"stencil":{"id":"UserTask"},"childShapes":[],"outgoing":[{"resourceId":"sid-03DD6BEE-74BD-4C72-BA46-7BC4974518A9"}],"bounds":{"lowerRight":{"x":472,"y":228},"upperLeft":{"x":372,"y":148}},"dockers":[]},{"resourceId":"sid-DB85C624-B641-4C3E-9F31-85FC7F17E254","properties":{"overrideid":"","name":"","documentation":"","conditionsequenceflow":"","executionlisteners":"","defaultflow":"false"},"stencil":{"id":"SequenceFlow"},"childShapes":[],"outgoing":[{"resourceId":"sid-5FC685F4-6042-44F0-A501-E3B35EE1D3A2"}],"bounds":{"lowerRight":{"x":371.15625,"y":188},"upperLeft":{"x":327.609375,"y":188}},"dockers":[{"x":15,"y":15},{"x":50,"y":40}],"target":{"resourceId":"sid-5FC685F4-6042-44F0-A501-E3B35EE1D3A2"}},{"resourceId":"sid-B2354563-7F85-4D76-B08C-BB471C6AEDBD","properties":{"overrideid":"","name":"","documentation":"","asynchronousdefinition":"false","exclusivedefinition":"false","executionlisteners":"","multiinstance_type":"None","multiinstance_cardinality":"","multiinstance_collection":"","multiinstance_variable":"","multiinstance_condition":"","isforcompensation":"false","usertaskassignment":"","formkeydefinition":"","formreference":"","duedatedefinition":"","prioritydefinition":"","formproperties":"","tasklisteners":""},"stencil":{"id":"UserTask"},"childShapes":[],"outgoing":[{"resourceId":"sid-4449DA8E-A74A-4C35-956B-DAAAEC06B4C6"}],"bounds":{"lowerRight":{"x":617,"y":228},"upperLeft":{"x":517,"y":148}},"dockers":[]},{"resourceId":"sid-03DD6BEE-74BD-4C72-BA46-7BC4974518A9","properties":{"overrideid":"","name":"","documentation":"","conditionsequenceflow":"","executionlisteners":"","defaultflow":"false"},"stencil":{"id":"SequenceFlow"},"childShapes":[],"outgoing":[{"resourceId":"sid-B2354563-7F85-4D76-B08C-BB471C6AEDBD"}],"bounds":{"lowerRight":{"x":516.15625,"y":188},"upperLeft":{"x":472.84375,"y":188}},"dockers":[{"x":50,"y":40},{"x":50,"y":40}],"target":{"resourceId":"sid-B2354563-7F85-4D76-B08C-BB471C6AEDBD"}},{"resourceId":"sid-09E3DB70-9FC9-48A5-836D-976FA0968258","properties":{"overrideid":"","name":"","documentation":"","executionlisteners":""},"stencil":{"id":"EndNoneEvent"},"childShapes":[],"outgoing":[],"bounds":{"lowerRight":{"x":690,"y":202},"upperLeft":{"x":662,"y":174}},"dockers":[]},{"resourceId":"sid-4449DA8E-A74A-4C35-956B-DAAAEC06B4C6","properties":{"overrideid":"","name":"","documentation":"","conditionsequenceflow":"","executionlisteners":"","defaultflow":"false"},"stencil":{"id":"SequenceFlow"},"childShapes":[],"outgoing":[{"resourceId":"sid-09E3DB70-9FC9-48A5-836D-976FA0968258"}],"bounds":{"lowerRight":{"x":661.375,"y":188},"upperLeft":{"x":617.390625,"y":188}},"dockers":[{"x":50,"y":40},{"x":14,"y":14}],"target":{"resourceId":"sid-09E3DB70-9FC9-48A5-836D-976FA0968258"}}],"outgoing":[{"resourceId":"sid-4FDCCF67-D218-4558-886E-4B5C25B88DB4"}],"bounds":{"lowerRight":{"x":580,"y":214},"upperLeft":{"x":480,"y":134}},"dockers":[]},{"resourceId":"sid-DC2AC07B-70E1-4E1B-874B-21F3B1AC2869","properties":{"overrideid":"","name":"","documentation":"","conditionsequenceflow":"","executionlisteners":"","defaultflow":"false"},"stencil":{"id":"SequenceFlow"},"childShapes":[],"outgoing":[{"resourceId":"sid-C94A1243-FF4C-4FB1-9DA2-BD9AEC83B1F6"}],"bounds":{"lowerRight":{"x":479.78125,"y":174},"upperLeft":{"x":370.21875,"y":130}},"dockers":[{"x":50,"y":40},{"x":425,"y":130},{"x":425,"y":174},{"x":50,"y":40}],"target":{"resourceId":"sid-C94A1243-FF4C-4FB1-9DA2-BD9AEC83B1F6"}},{"resourceId":"sid-D3C5A104-F78F-4768-A061-53D011E8F950","properties":{"overrideid":"","name":"","documentation":"","asynchronousdefinition":"false","exclusivedefinition":"false","executionlisteners":"","multiinstance_type":"None","multiinstance_cardinality":"","multiinstance_collection":"","multiinstance_variable":"","multiinstance_condition":"","isforcompensation":"false","usertaskassignment":"","formkeydefinition":"","formreference":"","duedatedefinition":"","prioritydefinition":"","formproperties":"","tasklisteners":""},"stencil":{"id":"UserTask"},"childShapes":[],"outgoing":[{"resourceId":"sid-92B4C1EA-7E3C-4380-B38C-95A8407A9436"}],"bounds":{"lowerRight":{"x":725,"y":214},"upperLeft":{"x":625,"y":134}},"dockers":[]},{"resourceId":"sid-4FDCCF67-D218-4558-886E-4B5C25B88DB4","properties":{"overrideid":"","name":"","documentation":"","conditionsequenceflow":"","executionlisteners":"","defaultflow":"false"},"stencil":{"id":"SequenceFlow"},"childShapes":[],"outgoing":[{"resourceId":"sid-D3C5A104-F78F-4768-A061-53D011E8F950"}],"bounds":{"lowerRight":{"x":624.15625,"y":174},"upperLeft":{"x":580.84375,"y":174}},"dockers":[{"x":50,"y":40},{"x":50,"y":40}],"target":{"resourceId":"sid-D3C5A104-F78F-4768-A061-53D011E8F950"}},{"resourceId":"sid-7BE1F7EA-0E17-4864-B823-9FD03A5AE978","properties":{"overrideid":"","name":"","documentation":"","executionlisteners":""},"stencil":{"id":"EndNoneEvent"},"childShapes":[],"outgoing":[],"bounds":{"lowerRight":{"x":798,"y":188},"upperLeft":{"x":770,"y":160}},"dockers":[]},{"resourceId":"sid-92B4C1EA-7E3C-4380-B38C-95A8407A9436","properties":{"overrideid":"","name":"","documentation":"","conditionsequenceflow":"","executionlisteners":"","defaultflow":"false"},"stencil":{"id":"SequenceFlow"},"childShapes":[],"outgoing":[{"resourceId":"sid-7BE1F7EA-0E17-4864-B823-9FD03A5AE978"}],"bounds":{"lowerRight":{"x":769.375,"y":174},"upperLeft":{"x":725.390625,"y":174}},"dockers":[{"x":50,"y":40},{"x":14,"y":14}],"target":{"resourceId":"sid-7BE1F7EA-0E17-4864-B823-9FD03A5AE978"}}],"stencil":{"id":"BPMNDiagram"},"stencilset":{"namespace":"http://b3mn.org/stencilset/bpmn2.0#","url":"../editor/stencilsets/bpmn2.0/bpmn2.0.json"},"modelType":"model"}}